/*insert into userlist(user_name, user_password, user_admin) values ("User1", "111111", false), 
("User2", "222222", false), ("User3", "333333", false), ("User3", "444444", false), ("User4", "555555", false),
("Admin1", "123456", true);

insert into profession(code_p, name_prof) values ("000001", "Стоматолог"), ("000002", "Хирург"), ("000003", "Ортопед"), 
("000004", "Рентгенолог"), ("000005", "Протезист"), ("000006", "Медсестра");

insert into service_type(code_t, type_name) values ("000001", "Протезирование"), ("000002", "Профилактика"),
("000003", "Рентгендиагностика"), ("000004", "Отбеливание зубов"), ("000005", "Пломбирование зубов"), 
("000006", "Лечение каналов зубов"), ("000007", "Микропротезирование зубов"), ("000008", "Удаление зубов");

insert into doctors(num_passport, FIO, prof_code, salary, sex) values ("47144906", "Грегор Валентин Петрович", "000001", 700, true),
("26959174", "Жук Валентина Викторовна", "000001", 700, false),
("44937175", "Иванов Сегрей Николаевич", "000002", 900, true),
("31448464", "Харькова Ирина Владиленова", "000001", 700, false),
("70229117", "Булатов Иван Петрович", "000002", 900, true),
("99472317", "Эмский Владимир Натанович", "000003", 650, true),
("82578877", "Булкина Юлия Иларионовна", "000006", 500, false),
("48253699", "Урусова Ирина Степановка", "000006", 500, false),
("82023281", "Борисова Евгения Константиновна", "000005", 800, false),
("60939390", "Дубин Мирон Зиновиевич", "000003", 650, true),
("55864102", "Золин Сергей Иванович", "000004", 600, true);

insert into service_list(code_s, type_code, name_service, cost) values ("000001", "000001", "Изготовление культевых штифтовых вкладок", 47), 
("000002",  "000001", "Изготовление коронок или зубов пластмассовых", 31),
("000003", "000001", "Изготовление коронок и зубов цельнолитых. металлических с пластмассовой облицовкой", 65);

insert into patients(num_passport, num_passport_doctor, FIO, DoB, recording_date, sex) values ("90361709", "26959174", "Трошкин Олег Кондратиевич", "1982-08-02", "2019-05-01", true),
("91249525", "26959174", "Бердяев Дмитрий Давидович", "1963-09-05", "2019-05-01", true),
("95132365", "47144906", "Муленко Самсон Венедиктович", "1975-06-24", "2019-05-02", true);

insert into complete_services (service_code, num_pass_doctor, num_pass_patient, date_complete, time_begin, time_end, cost) values
("000001", "26959174", "91249525", "2019-05-01", "10:00", "12:00", 47);*/